{
  "num_vertices": 8,
  "min": [
    -0.69735563,
    -0.79735563,
    -0.6
  ],
  "max": [
    0.89735563,
    0.79735563,
    0.6
  ],
  "mean": [
    0.09999999999999998,
    0.0,
    0.0
  ],
  "std": [
    0.600000001653723,
    0.600000001653723,
    0.6
  ]
}