{
  "num_vertices": 9216,
  "min": [
    -0.5,
    -0.5,
    0.02745098
  ],
  "max": [
    0.5,
    0.5,
    0.22058824
  ],
  "mean": [
    1.1926223897340549e-18,
    -3.0116727013486236e-20,
    0.13333503798611046
  ],
  "std": [
    0.2916979932487522,
    0.2916979932487535,
    0.07606800158124603
  ]
}