{
  "num_vertices": 642,
  "min": [
    -0.5,
    -0.5,
    -0.5
  ],
  "max": [
    0.5,
    0.5,
    0.5
  ],
  "mean": [
    -5.01502612369619e-18,
    1.7293193529986862e-19,
    0.0
  ],
  "std": [
    0.28867513494076236,
    0.28867513494076247,
    0.28867513494076236
  ]
}